CREATE DATABASE  IF NOT EXISTS `e_commerce` /*!40100 DEFAULT CHARACTER SET utf8 */;
USE `e_commerce`;
-- MySQL dump 10.13  Distrib 5.7.12, for Win64 (x86_64)
--
-- Host: localhost    Database: e_commerce
-- ------------------------------------------------------
-- Server version	5.7.15-log

/*!40101 SET @OLD_CHARACTER_SET_CLIENT=@@CHARACTER_SET_CLIENT */;
/*!40101 SET @OLD_CHARACTER_SET_RESULTS=@@CHARACTER_SET_RESULTS */;
/*!40101 SET @OLD_COLLATION_CONNECTION=@@COLLATION_CONNECTION */;
/*!40101 SET NAMES utf8 */;
/*!40103 SET @OLD_TIME_ZONE=@@TIME_ZONE */;
/*!40103 SET TIME_ZONE='+00:00' */;
/*!40014 SET @OLD_UNIQUE_CHECKS=@@UNIQUE_CHECKS, UNIQUE_CHECKS=0 */;
/*!40014 SET @OLD_FOREIGN_KEY_CHECKS=@@FOREIGN_KEY_CHECKS, FOREIGN_KEY_CHECKS=0 */;
/*!40101 SET @OLD_SQL_MODE=@@SQL_MODE, SQL_MODE='NO_AUTO_VALUE_ON_ZERO' */;
/*!40111 SET @OLD_SQL_NOTES=@@SQL_NOTES, SQL_NOTES=0 */;

--
-- Table structure for table `cad_produto`
--

DROP TABLE IF EXISTS `cad_produto`;
/*!40101 SET @saved_cs_client     = @@character_set_client */;
/*!40101 SET character_set_client = utf8 */;
CREATE TABLE `cad_produto` (
  `id_produto` int(10) unsigned NOT NULL AUTO_INCREMENT,
  `ds_produto` varchar(255) NOT NULL,
  `ds_informacao` varchar(255) NOT NULL,
  `vl_produto` double NOT NULL,
  PRIMARY KEY (`id_produto`)
) ENGINE=InnoDB AUTO_INCREMENT=11 DEFAULT CHARSET=utf8;
/*!40101 SET character_set_client = @saved_cs_client */;

--
-- Dumping data for table `cad_produto`
--

LOCK TABLES `cad_produto` WRITE;
/*!40000 ALTER TABLE `cad_produto` DISABLE KEYS */;
INSERT INTO `cad_produto` VALUES (4,'LG G2 mini','Celular da LG',900),(5,'MOTO G10','Motorola ',1000),(6,'MOTO G1','Motorola ',1000),(7,'Nokia 1','Nokia celulares',700),(8,'Sansumg JOY 10','Sansumg modelo novo',800),(9,'Sansumg Galax 30','Sansumg modelo novo',40),(10,'Sansumg JOY 56','Sansumg modelo novo',800);
/*!40000 ALTER TABLE `cad_produto` ENABLE KEYS */;
UNLOCK TABLES;

--
-- Table structure for table `cad_usuario`
--

DROP TABLE IF EXISTS `cad_usuario`;
/*!40101 SET @saved_cs_client     = @@character_set_client */;
/*!40101 SET character_set_client = utf8 */;
CREATE TABLE `cad_usuario` (
  `id` int(10) unsigned NOT NULL AUTO_INCREMENT,
  `usuario` varchar(100) NOT NULL,
  `senha` varchar(8) NOT NULL,
  PRIMARY KEY (`id`)
) ENGINE=InnoDB AUTO_INCREMENT=2 DEFAULT CHARSET=utf8;
/*!40101 SET character_set_client = @saved_cs_client */;

--
-- Dumping data for table `cad_usuario`
--

LOCK TABLES `cad_usuario` WRITE;
/*!40000 ALTER TABLE `cad_usuario` DISABLE KEYS */;
INSERT INTO `cad_usuario` VALUES (1,'Andre','1234');
/*!40000 ALTER TABLE `cad_usuario` ENABLE KEYS */;
UNLOCK TABLES;

--
-- Table structure for table `pedido`
--

DROP TABLE IF EXISTS `pedido`;
/*!40101 SET @saved_cs_client     = @@character_set_client */;
/*!40101 SET character_set_client = utf8 */;
CREATE TABLE `pedido` (
  `id` int(10) unsigned NOT NULL AUTO_INCREMENT,
  `id_usuario` varchar(255) NOT NULL,
  PRIMARY KEY (`id`)
) ENGINE=InnoDB AUTO_INCREMENT=4 DEFAULT CHARSET=utf8;
/*!40101 SET character_set_client = @saved_cs_client */;

--
-- Dumping data for table `pedido`
--

LOCK TABLES `pedido` WRITE;
/*!40000 ALTER TABLE `pedido` DISABLE KEYS */;
INSERT INTO `pedido` VALUES (1,'1'),(2,'1'),(3,'1');
/*!40000 ALTER TABLE `pedido` ENABLE KEYS */;
UNLOCK TABLES;

--
-- Table structure for table `pedido_item`
--

DROP TABLE IF EXISTS `pedido_item`;
/*!40101 SET @saved_cs_client     = @@character_set_client */;
/*!40101 SET character_set_client = utf8 */;
CREATE TABLE `pedido_item` (
  `id` int(11) unsigned NOT NULL AUTO_INCREMENT,
  `id_pedido` int(11) NOT NULL,
  `quantidade` int(11) NOT NULL,
  `vl_unitario` double NOT NULL,
  `id_produto` int(11) NOT NULL,
  PRIMARY KEY (`id`)
) ENGINE=InnoDB AUTO_INCREMENT=8 DEFAULT CHARSET=utf8;
/*!40101 SET character_set_client = @saved_cs_client */;

--
-- Dumping data for table `pedido_item`
--

LOCK TABLES `pedido_item` WRITE;
/*!40000 ALTER TABLE `pedido_item` DISABLE KEYS */;
INSERT INTO `pedido_item` VALUES (2,1,1,4,4),(3,2,1,4,4),(4,3,1,4,4),(5,3,1,6,6),(6,3,1,7,7),(7,3,1,8,8);
/*!40000 ALTER TABLE `pedido_item` ENABLE KEYS */;
UNLOCK TABLES;
/*!40103 SET TIME_ZONE=@OLD_TIME_ZONE */;

/*!40101 SET SQL_MODE=@OLD_SQL_MODE */;
/*!40014 SET FOREIGN_KEY_CHECKS=@OLD_FOREIGN_KEY_CHECKS */;
/*!40014 SET UNIQUE_CHECKS=@OLD_UNIQUE_CHECKS */;
/*!40101 SET CHARACTER_SET_CLIENT=@OLD_CHARACTER_SET_CLIENT */;
/*!40101 SET CHARACTER_SET_RESULTS=@OLD_CHARACTER_SET_RESULTS */;
/*!40101 SET COLLATION_CONNECTION=@OLD_COLLATION_CONNECTION */;
/*!40111 SET SQL_NOTES=@OLD_SQL_NOTES */;

-- Dump completed on 2016-11-03 19:58:29
